test,set,lab_id,file_id,substrate,bottle_id,mass_inoc,mass_sub,c_vs_sub_m,c_vs_sub_f,c_vs_inoc,ISR
1,1.3,E01,64,Blank,1661,180,,,,0.01095,
1,1.3,E01,64,Blank,1665,180,,,,0.01095,
1,1.3,E01,64,Blank,1666,180,,,,0.01095,
1,1.3,E01,64,Cellulose,1667,180,1.01,0.9597,0.989,0.01095,1.974
1,1.3,E01,64,Cellulose,1668,180,1.02,0.9597,0.989,0.01095,1.954
1,1.3,E01,64,Cellulose,1669,180,1.01,0.9597,0.989,0.01095,1.974
1,1.3,E01,64,Rabbit feed,1670,180,1.25,0.7658,0.803,0.01095,1.964
1,1.3,E01,64,Rabbit feed,1671,180,1.27,0.7658,0.803,0.01095,1.933
1,1.3,E01,64,Rabbit feed,1672,180,1.27,0.7658,0.803,0.01095,1.933
1,1.3,E01,64,Sunflower seeds,1662,180,1.08,0.8922,0.915,0.01095,1.995
1,1.3,E01,64,Sunflower seeds,1663,180,1.07,0.8922,0.915,0.01095,2.014
1,1.3,E01,64,Sunflower seeds,1664,180,1.1,0.8922,0.915,0.01095,1.959
1,1.3,E02,61,Blank,893,58.16,,,,0.02213,
1,1.3,E02,61,Blank,894,58.16,,,,0.02213,
1,1.3,E02,61,Blank,895,58.16,,,,0.02213,
1,1.3,E02,61,Cellulose,896,58.16,0.685,1,0.989,0.02213,1.9
1,1.3,E02,61,Cellulose,897,58.16,0.685,1,0.989,0.02213,1.9
1,1.3,E02,61,Cellulose,898,1.35,0.685,1,0.989,0.02213,0.04411
1,1.3,E02,61,Rabbit feed,890,58.16,0.827,0.8384,0.803,0.02213,1.938
1,1.3,E02,61,Rabbit feed,891,58.16,0.8275,0.8384,0.803,0.02213,1.937
1,1.3,E02,61,Rabbit feed,892,58.16,0.8275,0.8384,0.803,0.02213,1.937
1,1.3,E02,61,Sunflower seeds,899,58.16,0.8292,0.9206,0.915,0.02213,1.697
1,1.3,E02,61,Sunflower seeds,900,58.16,0.8292,0.9206,0.915,0.02213,1.697
1,1.3,E02,61,Sunflower seeds,901,58.16,0.8292,0.9206,0.915,0.02213,1.697
1,1.3,E02,61,Wheat straw,902,58.16,0.7708,0.9041,0.872,0.02213,1.915
1,1.3,E02,61,Wheat straw,903,58.16,0.7708,0.9041,0.872,0.02213,1.915
1,1.3,E02,61,Wheat straw,904,58.16,0.778,0.9041,0.872,0.02213,1.897
1,1.3,E03,98,Blank,1357,395,,,,0.01688,
1,1.3,E03,98,Blank,1364,395,,,,0.01688,
1,1.3,E03,98,Blank,1365,395,,,,0.01688,
1,1.3,E03,98,Cellulose,1366,395,3.41,0.9777,0.989,0.01688,1.977
1,1.3,E03,98,Cellulose,1367,395,3.41,0.9777,0.989,0.01688,1.977
1,1.3,E03,98,Cellulose,1368,395,3.41,0.9777,0.989,0.01688,1.977
1,1.3,E03,98,Rabbit feed,1369,395,4.15,0.8022,0.803,0.01688,2
1,1.3,E03,98,Rabbit feed,1370,395,4.15,0.8022,0.803,0.01688,2
1,1.3,E03,98,Rabbit feed,1371,395,4.15,0.8022,0.803,0.01688,2
1,1.3,E03,98,Sunflower seeds,1361,395,3.68,0.905,0.915,0.01688,1.98
1,1.3,E03,98,Sunflower seeds,1362,395,3.68,0.905,0.915,0.01688,1.98
1,1.3,E03,98,Sunflower seeds,1363,395,3.68,0.905,0.915,0.01688,1.98
1,1.3,E03,98,Wheat straw,1358,395,3.81,0.8748,0.872,0.01688,2.007
1,1.3,E03,98,Wheat straw,1359,395,3.81,0.8748,0.872,0.01688,2.007
1,1.3,E03,98,Wheat straw,1360,395,3.81,0.8748,0.872,0.01688,2.007
1,1.3,E04,62,Blank,567,200,0,,,0.077,
1,1.3,E04,62,Blank,568,205.1,0,,,0.077,
1,1.3,E04,62,Blank,574,200.6,0,,,0.077,
1,1.3,E04,62,Blank,575,205.4,0,,,0.077,
1,1.3,E04,62,Cellulose,569,200.2,7.81,0.9883,0.989,0.077,1.996
1,1.3,E04,62,Cellulose,576,204.4,7.97,0.9883,0.989,0.077,1.997
1,1.3,E04,62,Cellulose,577,201.7,7.86,0.9883,0.989,0.077,1.998
1,1.3,E04,62,Rabbit feed,570,202.7,9.6,0.8097,0.803,0.077,2.024
1,1.3,E04,62,Rabbit feed,578,200.6,9.52,0.8097,0.803,0.077,2.021
1,1.3,E04,62,Rabbit feed,579,208.7,9.9,0.8097,0.803,0.077,2.022
1,1.3,E04,62,Sunflower seeds,573,200,8.67,0.92,0.915,0.077,1.942
1,1.3,E04,62,Sunflower seeds,581,201.4,8.53,0.92,0.915,0.077,1.986
1,1.3,E04,62,Sunflower seeds,582,201.7,8.44,0.92,0.915,0.077,2.011
1,1.3,E04,62,Wheat straw,571,202.8,8.84,0.8813,0.872,0.077,2.025
1,1.3,E04,62,Wheat straw,572,209.3,9.11,0.8813,0.872,0.077,2.029
1,1.3,E04,62,Wheat straw,580,204.5,8.91,0.8813,0.872,0.077,2.027
1,1.3,E06,31,Blank,958,400.3,,,,0.02125,
1,1.3,E06,31,Blank,965,404.2,,,,0.02125,
1,1.3,E06,31,Blank,966,402.8,,,,0.02125,
1,1.3,E06,31,Cellulose,967,391.1,7.34,0.9907,0.989,0.02125,1.145
1,1.3,E06,31,Cellulose,968,392.4,7.04,0.9907,0.989,0.02125,1.198
1,1.3,E06,31,Cellulose,969,392.1,7.84,0.9907,0.989,0.02125,1.075
1,1.3,E06,31,Rabbit feed,970,390.3,10.17,0.8175,0.803,0.02125,1.016
1,1.3,E06,31,Rabbit feed,971,390.1,10.01,0.8175,0.803,0.02125,1.031
1,1.3,E06,31,Rabbit feed,972,389.8,10.1,0.8175,0.803,0.02125,1.021
1,1.3,E06,31,Sunflower seeds,962,390.8,9.25,0.8937,0.915,0.02125,0.9814
1,1.3,E06,31,Sunflower seeds,963,393.2,9.7,0.8937,0.915,0.02125,0.9415
1,1.3,E06,31,Sunflower seeds,964,392.8,10.33,0.8937,0.915,0.02125,0.8832
1,1.3,E06,31,Wheat straw,959,389.9,9.57,0.8753,0.872,0.02125,0.9929
1,1.3,E06,31,Wheat straw,960,391.1,9.76,0.8753,0.872,0.02125,0.9766
1,1.3,E06,31,Wheat straw,961,391.1,9.36,0.8753,0.872,0.02125,1.018
1,1.3,E07,34,Blank,151,501,,,,0.01212,
1,1.3,E07,34,Blank,152,490,,,,0.01212,
1,1.3,E07,34,Blank,153,495,,,,0.01212,
1,1.3,E07,34,Cellulose,148,491,1.444,0.982,0.989,0.01212,4.169
1,1.3,E07,34,Cellulose,149,491,1.523,0.982,0.989,0.01212,3.952
1,1.3,E07,34,Cellulose,150,491,1.464,0.982,0.989,0.01212,4.112
1,1.3,E07,34,Rabbit feed,145,493,2.117,0.8001,0.803,0.01212,3.516
1,1.3,E07,34,Rabbit feed,146,520,2.214,0.8001,0.803,0.01212,3.546
1,1.3,E07,34,Rabbit feed,147,492,2.251,0.8001,0.803,0.01212,3.3
1,1.3,E07,34,Sunflower seeds,154,492,2.211,0.9069,0.915,0.01212,2.949
1,1.3,E07,34,Sunflower seeds,155,503,2.317,0.9069,0.915,0.01212,2.877
1,1.3,E07,34,Sunflower seeds,156,497,2.462,0.9069,0.915,0.01212,2.675
1,1.3,E07,34,Wheat straw,157,494,3.372,0.8739,0.872,0.01212,2.037
1,1.3,E07,34,Wheat straw,158,497,3.213,0.8739,0.872,0.01212,2.151
1,1.3,E07,34,Wheat straw,159,505,3.242,0.8739,0.872,0.01212,2.166
1,1.3,E08,65,Blank,1084,400,0,,,0.04659,
1,1.3,E08,65,Blank,1091,400.1,0,,,0.04659,
1,1.3,E08,65,Blank,1092,400,0,,,0.04659,
1,1.3,E08,65,Cellulose,1093,391,9.1,0.9745,0.989,0.04659,2.024
1,1.3,E08,65,Cellulose,1094,390.8,9.11,0.9745,0.989,0.04659,2.021
1,1.3,E08,65,Cellulose,1095,390.7,9.11,0.9745,0.989,0.04659,2.021
1,1.3,E08,65,Rabbit feed,1096,388.9,11.2,0.8108,0.803,0.04659,2.015
1,1.3,E08,65,Rabbit feed,1097,388.9,11.22,0.8108,0.803,0.04659,2.011
1,1.3,E08,65,Rabbit feed,1098,388.9,11.2,0.8108,0.803,0.04659,2.015
1,1.3,E08,65,Sunflower seeds,1085,390,10,0.9087,0.915,0.04659,1.986
1,1.3,E08,65,Sunflower seeds,1086,390,10,0.9087,0.915,0.04659,1.986
1,1.3,E08,65,Sunflower seeds,1087,390,10.01,0.9087,0.915,0.04659,1.984
1,1.3,E08,65,Wheat straw,1088,389.8,10.2,0.8911,0.872,0.04659,2.042
1,1.3,E08,65,Wheat straw,1089,389.8,10.2,0.8911,0.872,0.04659,2.042
1,1.3,E08,65,Wheat straw,1090,389.8,10.19,0.8911,0.872,0.04659,2.044
1,1.3,E09,60,Blank,31,1600,0,,,0.01696,
1,1.3,E09,60,Blank,38,1601,0,,,0.01696,
1,1.3,E09,60,Blank,39,1600,0,,,0.01696,
1,1.3,E09,60,Cellulose,40,1602,13.3,0.9893,0.989,0.01696,2.066
1,1.3,E09,60,Cellulose,41,1600,13.2,0.9893,0.989,0.01696,2.078
1,1.3,E09,60,Cellulose,42,1601,13.1,0.9893,0.989,0.01696,2.096
1,1.3,E09,60,Rabbit feed,32,1600,16,0.804,0.803,0.01696,2.112
1,1.3,E09,60,Rabbit feed,33,1600,16,0.804,0.803,0.01696,2.112
1,1.3,E09,60,Rabbit feed,34,1601,16.3,0.804,0.803,0.01696,2.074
1,1.3,E09,60,Sunflower seeds,43,1604,14.1,0.9172,0.915,0.01696,2.108
1,1.3,E09,60,Sunflower seeds,44,1600,14,0.9172,0.915,0.01696,2.119
1,1.3,E09,60,Sunflower seeds,45,1600,14,0.9172,0.915,0.01696,2.118
1,1.3,E09,60,Wheat straw,35,1602,14.8,0.8761,0.872,0.01696,2.104
1,1.3,E09,60,Wheat straw,36,1601,14.6,0.8761,0.872,0.01696,2.132
1,1.3,E09,60,Wheat straw,37,1602,14.5,0.8761,0.872,0.01696,2.149
1,1.3,E10,104,Blank,1201,115.7,0,,,0.0346,
1,1.3,E10,104,Blank,1202,115.7,0,,,0.0346,
1,1.3,E10,104,Blank,1203,115.6,0,,,0.0346,
1,1.3,E10,104,Cellulose,1204,115.8,2,0.991,0.989,0.0346,2.026
1,1.3,E10,104,Cellulose,1205,115.7,2.01,0.991,0.989,0.0346,2.014
1,1.3,E10,104,Cellulose,1206,115.7,2.01,0.991,0.989,0.0346,2.014
1,1.3,E10,104,Rabbit feed,1198,115.7,2.47,0.8098,0.803,0.0346,2.018
1,1.3,E10,104,Rabbit feed,1199,115.8,2.53,0.8098,0.803,0.0346,1.972
1,1.3,E10,104,Rabbit feed,1200,115.6,2.48,0.8098,0.803,0.0346,2.009
1,1.3,E10,104,Sunflower seeds,1207,115.6,2.25,0.9033,0.915,0.0346,1.943
1,1.3,E10,104,Sunflower seeds,1208,115.7,2.24,0.9033,0.915,0.0346,1.953
1,1.3,E10,104,Sunflower seeds,1209,115.7,2.25,0.9033,0.915,0.0346,1.944
1,1.3,E10,104,Wheat straw,1210,115.8,2.28,0.8771,0.872,0.0346,2.015
1,1.3,E10,104,Wheat straw,1211,115.8,2.29,0.8771,0.872,0.0346,2.006
1,1.3,E10,104,Wheat straw,1212,116,2.29,0.8771,0.872,0.0346,2.009
1,1.3,E11,63,Blank,1255,427.2,,,,0.01819,
1,1.3,E11,63,Blank,1262,427.2,,,,0.01819,
1,1.3,E11,63,Blank,1263,427.2,,,,0.01819,
1,1.3,E11,63,Cellulose,1264,424,2.55,0.986,0.989,0.01819,3.058
1,1.3,E11,63,Cellulose,1265,424,2.58,0.986,0.989,0.01819,3.022
1,1.3,E11,63,Cellulose,1266,424,2.57,0.986,0.989,0.01819,3.034
1,1.3,E11,63,Rabbit feed,1267,424,3.17,0.7969,0.803,0.01819,3.03
1,1.3,E11,63,Rabbit feed,1268,424,3.21,0.7969,0.803,0.01819,2.992
1,1.3,E11,63,Rabbit feed,1269,424,3.19,0.7969,0.803,0.01819,3.01
1,1.3,E11,63,Sunflower seeds,1259,424,2.81,0.8894,0.915,0.01819,2.999
1,1.3,E11,63,Sunflower seeds,1260,424,2.86,0.8894,0.915,0.01819,2.947
1,1.3,E11,63,Sunflower seeds,1261,424,2.85,0.8894,0.915,0.01819,2.957
1,1.3,E11,63,Wheat straw,1256,424,2.96,0.876,0.872,0.01819,2.988
1,1.3,E11,63,Wheat straw,1257,424,2.94,0.876,0.872,0.01819,3.008
1,1.3,E11,63,Wheat straw,1258,424,2.94,0.876,0.872,0.01819,3.008
1,1.3,E12,38,Blank,1304,372.1,,,,0.01882,
1,1.3,E12,38,Blank,1305,372.1,,,,0.01882,
1,1.3,E12,38,Blank,1306,372.1,,,,0.01882,
1,1.3,E12,38,Cellulose,1301,372.1,3.56,0.9824,0.989,0.01882,1.988
1,1.3,E12,38,Cellulose,1302,372.1,3.56,0.9824,0.989,0.01882,1.989
1,1.3,E12,38,Cellulose,1303,372.2,3.56,0.9824,0.989,0.01882,1.989
1,1.3,E12,38,Rabbit feed,1312,372.1,4.35,0.8056,0.803,0.01882,2.004
1,1.3,E12,38,Rabbit feed,1313,372.1,4.35,0.8056,0.803,0.01882,2.004
1,1.3,E12,38,Rabbit feed,1314,372.2,4.35,0.8056,0.803,0.01882,2.005
1,1.3,E12,38,Sunflower seeds,1309,372.1,3.82,0.916,0.915,0.01882,2.003
1,1.3,E12,38,Sunflower seeds,1310,372.1,3.82,0.916,0.915,0.01882,2.003
1,1.3,E12,38,Sunflower seeds,1311,372.1,3.82,0.916,0.915,0.01882,2.003
1,1.3,E12,38,Wheat straw,1300,372.1,3.99,0.8771,0.872,0.01882,2.012
1,1.3,E12,38,Wheat straw,1307,372.2,3.99,0.8771,0.872,0.01882,2.013
1,1.3,E12,38,Wheat straw,1308,372.1,3.99,0.8771,0.872,0.01882,2.012
1,1.3,E13,13,Blank,1141,650.2,,,,0.01712,
1,1.3,E13,13,Blank,1142,651.2,,,,0.01712,
1,1.3,E13,13,Blank,1143,650.6,,,,0.01712,
1,1.3,E13,13,Cellulose,1144,649.8,5.84,0.9951,0.989,0.01712,1.926
1,1.3,E13,13,Cellulose,1145,649.7,5.82,0.9951,0.989,0.01712,1.932
1,1.3,E13,13,Cellulose,1146,650.9,5.82,0.9951,0.989,0.01712,1.935
1,1.3,E13,13,Rabbit feed,1147,650.7,6.91,0.8005,0.803,0.01712,2.007
1,1.3,E13,13,Rabbit feed,1148,649.4,6.89,0.8005,0.803,0.01712,2.009
1,1.3,E13,13,Rabbit feed,1149,650,6.92,0.8005,0.803,0.01712,2.002
1,1.3,E13,13,Sunflower seeds,1153,650.9,6.13,0.911,0.915,0.01712,1.986
1,1.3,E13,13,Sunflower seeds,1154,649.9,6.19,0.911,0.915,0.01712,1.964
1,1.3,E13,13,Sunflower seeds,1155,651.4,6.45,0.911,0.915,0.01712,1.889
1,1.3,E13,13,Wheat straw,1150,648.9,6.64,0.8793,0.872,0.01712,1.918
1,1.3,E13,13,Wheat straw,1151,650,6.27,0.8793,0.872,0.01712,2.035
1,1.3,E13,13,Wheat straw,1152,650.4,6.31,0.8793,0.872,0.01712,2.023
1,1.3,E14,33,Blank,670,15,0,,,0.01608,
1,1.3,E14,33,Blank,671,15,0,,,0.01608,
1,1.3,E14,33,Blank,672,15,0,,,0.01608,
1,1.3,E14,33,Cellulose,673,15,0.1672,0.9924,0.989,0.01608,1.459
1,1.3,E14,33,Cellulose,674,15,0.1668,0.9924,0.989,0.01608,1.462
1,1.3,E14,33,Cellulose,675,15,0.1666,0.9924,0.989,0.01608,1.464
1,1.3,E14,33,Rabbit feed,676,15,0.2068,0.8034,0.803,0.01608,1.453
1,1.3,E14,33,Rabbit feed,677,15,0.2059,0.8034,0.803,0.01608,1.459
1,1.3,E14,33,Rabbit feed,678,15,0.2071,0.8034,0.803,0.01608,1.451
1,1.3,E14,33,Sunflower seeds,682,15,0.1842,0.9127,0.915,0.01608,1.431
1,1.3,E14,33,Sunflower seeds,683,15,0.1831,0.9127,0.915,0.01608,1.44
1,1.3,E14,33,Sunflower seeds,684,15,0.1836,0.9127,0.915,0.01608,1.436
1,1.3,E14,33,Wheat straw,679,15,0.1888,0.8851,0.872,0.01608,1.465
1,1.3,E14,33,Wheat straw,680,15,0.1885,0.8851,0.872,0.01608,1.468
1,1.3,E14,33,Wheat straw,681,15,0.189,0.8851,0.872,0.01608,1.464
1,1.3,E15,118,Blank,845,419.5,0,,,0.01345,
1,1.3,E15,118,Blank,852,403.5,0,,,0.01345,
1,1.3,E15,118,Blank,853,399.1,0,,,0.01345,
1,1.3,E15,118,Cellulose,854,395.1,5.41,0.9848,0.989,0.01345,0.9931
1,1.3,E15,118,Cellulose,855,404,5.5,0.9848,0.989,0.01345,0.9987
1,1.3,E15,118,Cellulose,856,404.5,5.4,0.9848,0.989,0.01345,1.019
1,1.3,E15,118,Rabbit feed,857,396.7,3.32,0.8056,0.803,0.01345,2.001
1,1.3,E15,118,Rabbit feed,858,398.1,3.31,0.8056,0.803,0.01345,2.014
1,1.3,E15,118,Rabbit feed,859,395,3.32,0.8056,0.803,0.01345,1.993
1,1.3,E15,118,Sunflower seeds,849,397.5,2.93,0.9146,0.915,0.01345,1.994
1,1.3,E15,118,Sunflower seeds,850,396.7,2.92,0.9146,0.915,0.01345,1.997
1,1.3,E15,118,Sunflower seeds,851,399.3,2.91,0.9146,0.915,0.01345,2.017
1,1.3,E15,118,Wheat straw,846,398,3.04,0.8779,0.872,0.01345,2.019
1,1.3,E15,118,Wheat straw,847,395.1,3.06,0.8779,0.872,0.01345,1.991
1,1.3,E15,118,Wheat straw,848,400.3,3.06,0.8779,0.872,0.01345,2.017
1,1.3,E16,111,Blank,1625,50,0,,,0.01075,
1,1.3,E16,111,Blank,1626,50,0,,,0.01075,
1,1.3,E16,111,Blank,1627,50,0,,,0.01075,
1,1.3,E16,111,Cellulose,1628,50,0.2727,0.9856,0.989,0.01075,1.993
1,1.3,E16,111,Cellulose,1629,50,0.2727,0.9856,0.989,0.01075,1.993
1,1.3,E16,111,Cellulose,1630,50,0.2727,0.9856,0.989,0.01075,1.993
1,1.3,E16,111,Rabbit feed,1622,50,0.334,0.8047,0.803,0.01075,2.004
1,1.3,E16,111,Rabbit feed,1623,50,0.334,0.8047,0.803,0.01075,2.004
1,1.3,E16,111,Rabbit feed,1624,50,0.334,0.8047,0.803,0.01075,2.004
1,1.3,E16,111,Sunflower seeds,1631,50,0.2974,0.9037,0.915,0.01075,1.975
1,1.3,E16,111,Sunflower seeds,1632,50,0.2974,0.9037,0.915,0.01075,1.975
1,1.3,E16,111,Sunflower seeds,1633,50,0.2974,0.9037,0.915,0.01075,1.975
1,1.3,E16,111,Wheat straw,1634,50,0.304,0.8841,0.872,0.01075,2.028
1,1.3,E16,111,Wheat straw,1635,50,0.304,0.8841,0.872,0.01075,2.028
1,1.3,E16,111,Wheat straw,1636,50,0.304,0.8841,0.872,0.01075,2.028
1,1.3,E17,83,Blank,512,1900,0,,,0.0194,
1,1.3,E17,83,Blank,513,1900,0,,,0.0194,
1,1.3,E17,83,Cellulose,518,1900,6,0.9629,0.989,0.0194,6.21
1,1.3,E17,83,Cellulose,523,1900,6,0.9629,0.989,0.0194,6.21
1,1.3,E17,83,Rabbit feed,519,1900,6.4,0.7938,0.803,0.0194,7.171
1,1.3,E17,83,Rabbit feed,520,1900,6.4,0.7938,0.803,0.0194,7.171
1,1.3,E17,83,Rabbit feed,521,1900,6.4,0.7938,0.803,0.0194,7.171
1,1.3,E17,83,Sunflower seeds,514,1900,6.1,0.9118,0.915,0.0194,6.603
1,1.3,E17,83,Sunflower seeds,516,1900,6.1,0.9118,0.915,0.0194,6.603
1,1.3,E17,83,Sunflower seeds,524,1900,6.1,0.9118,0.915,0.0194,6.603
1,1.3,E17,83,Wheat straw,515,1900,6.3,0.8842,0.872,0.0194,6.708
1,1.3,E17,83,Wheat straw,517,1900,6.3,0.8842,0.872,0.0194,6.708
1,1.3,E17,83,Wheat straw,522,1900,6.3,0.8842,0.872,0.0194,6.708
1,1.3,E18,57,Blank,1015,61,0,,,0.02143,
1,1.3,E18,57,Blank,1016,60.3,0,,,0.02143,
1,1.3,E18,57,Blank,1017,61.1,0,,,0.02143,
1,1.3,E18,57,Cellulose,1018,61.3,0.7008,0.9862,0.989,0.02143,1.896
1,1.3,E18,57,Cellulose,1019,61.2,0.7007,0.9862,0.989,0.02143,1.893
1,1.3,E18,57,Cellulose,1020,60,0.7015,0.9862,0.989,0.02143,1.854
1,1.3,E18,57,Rabbit feed,1021,60.8,0.8427,0.8036,0.803,0.02143,1.926
1,1.3,E18,57,Rabbit feed,1022,59.9,0.842,0.8036,0.803,0.02143,1.899
1,1.3,E18,57,Rabbit feed,1023,60.1,0.8405,0.8036,0.803,0.02143,1.909
1,1.3,E18,57,Sunflower seeds,1027,60.1,0.7421,0.9132,0.915,0.02143,1.897
1,1.3,E18,57,Sunflower seeds,1028,60.1,0.7533,0.9132,0.915,0.02143,1.869
1,1.3,E18,57,Sunflower seeds,1029,60.6,0.7385,0.9132,0.915,0.02143,1.922
1,1.3,E18,57,Wheat straw,1024,61.1,0.7692,0.8837,0.872,0.02143,1.952
1,1.3,E18,57,Wheat straw,1025,61.3,0.7888,0.8837,0.872,0.02143,1.91
1,1.3,E18,57,Wheat straw,1026,60,0.7865,0.8837,0.872,0.02143,1.875
1,1.3,E19,47,Blank,628,90.05,0,,,0.0003372,
1,1.3,E19,47,Blank,629,90.08,0,,,0.0003372,
1,1.3,E19,47,Blank,630,90.1,0,,,0.0003372,
1,1.3,E19,47,Cellulose,631,90.14,0.7,0.9345,0.989,0.0003372,0.0439
1,1.3,E19,47,Cellulose,632,90.04,0.7,0.9345,0.989,0.0003372,0.04386
1,1.3,E19,47,Cellulose,633,90.05,0.7,0.9345,0.989,0.0003372,0.04386
1,1.3,E19,47,Rabbit feed,625,90.07,0.84,0.728,0.803,0.0003372,0.04503
1,1.3,E19,47,Rabbit feed,626,90,0.84,0.728,0.803,0.0003372,0.04499
1,1.3,E19,47,Rabbit feed,627,90.08,0.84,0.728,0.803,0.0003372,0.04503
1,1.3,E19,47,Sunflower seeds,634,90.11,0.76,0.8295,0.915,0.0003372,0.04369
1,1.3,E19,47,Sunflower seeds,635,90.09,0.76,0.8295,0.915,0.0003372,0.04368
1,1.3,E19,47,Sunflower seeds,636,90.03,0.76,0.8295,0.915,0.0003372,0.04366
1,1.3,E19,47,Wheat straw,637,90.11,0.78,0.7876,0.872,0.0003372,0.04467
1,1.3,E19,47,Wheat straw,638,90.06,0.78,0.7876,0.872,0.0003372,0.04465
1,1.3,E19,47,Wheat straw,639,90.08,0.78,0.7876,0.872,0.0003372,0.04466
1,1.3,E20,102,Blank,265,178.7,0,,,0.04523,
1,1.3,E20,102,Blank,266,178.7,0,,,0.04523,
1,1.3,E20,102,Blank,267,178.7,0,,,0.04523,
1,1.3,E20,102,Cellulose,262,178.7,4.13,0.9674,0.989,0.04523,1.98
1,1.3,E20,102,Cellulose,263,178.7,4.13,0.9674,0.989,0.04523,1.98
1,1.3,E20,102,Cellulose,264,178.7,4.13,0.9674,0.989,0.04523,1.98
1,1.3,E20,102,Rabbit feed,259,178.7,5,0.7996,0.803,0.04523,2.014
1,1.3,E20,102,Rabbit feed,260,178.7,5,0.7996,0.803,0.04523,2.014
1,1.3,E20,102,Rabbit feed,261,178.7,5,0.7996,0.803,0.04523,2.014
1,1.3,E20,102,Sunflower seeds,268,178.7,4.41,0.9082,0.915,0.04523,2.004
1,1.3,E20,102,Sunflower seeds,269,178.7,4.41,0.9082,0.915,0.04523,2.004
1,1.3,E20,102,Sunflower seeds,270,178.7,4.41,0.9082,0.915,0.04523,2.004
1,1.3,E20,102,Wheat straw,271,178.7,4.6,0.8695,0.872,0.04523,2.016
1,1.3,E20,102,Wheat straw,272,178.7,4.6,0.8695,0.872,0.04523,2.016
1,1.3,E20,102,Wheat straw,273,178.7,4.6,0.8695,0.872,0.04523,2.016
1,1.3,E21,45,Blank,319,150.3,,,,0.03947,
1,1.3,E21,45,Blank,320,150.2,,,,0.03947,
1,1.3,E21,45,Blank,321,150.2,,,,0.03947,
1,1.3,E21,45,Cellulose,322,150.2,3.07,0.9806,0.989,0.03947,1.952
1,1.3,E21,45,Cellulose,323,150.1,3.09,0.9806,0.989,0.03947,1.939
1,1.3,E21,45,Cellulose,324,150.2,3.1,0.9806,0.989,0.03947,1.934
1,1.3,E21,45,Rabbit feed,316,150.3,3.35,0.8082,0.803,0.03947,2.205
1,1.3,E21,45,Rabbit feed,317,150.3,3.4,0.8082,0.803,0.03947,2.173
1,1.3,E21,45,Rabbit feed,318,150.1,3.37,0.8082,0.803,0.03947,2.189
1,1.3,E21,45,Sunflower seeds,325,150.2,3.19,0.9155,0.915,0.03947,2.031
1,1.3,E21,45,Sunflower seeds,326,150.2,3.17,0.9155,0.915,0.03947,2.044
1,1.3,E21,45,Sunflower seeds,327,150.1,3.185,0.9155,0.915,0.03947,2.033
1,1.3,E21,45,Wheat straw,328,150.3,3.24,0.8845,0.872,0.03947,2.1
1,1.3,E21,45,Wheat straw,329,150.1,3.27,0.8845,0.872,0.03947,2.078
1,1.3,E21,45,Wheat straw,330,150.1,3.29,0.8845,0.872,0.03947,2.065
1,1.3,E22,56,Blank,738,500,0,,,0.09217,
1,1.3,E22,56,Blank,739,500,0,,,0.09217,
1,1.3,E22,56,Blank,740,500,0,,,0.09217,
1,1.3,E22,56,Cellulose,728,500,23.43,0.9874,0.989,0.09217,1.989
1,1.3,E22,56,Cellulose,729,500,23.41,0.9874,0.989,0.09217,1.991
1,1.3,E22,56,Cellulose,730,500,23.47,0.9874,0.989,0.09217,1.985
1,1.3,E22,56,Rabbit feed,731,500,28.37,0.8128,0.803,0.09217,2.023
1,1.3,E22,56,Rabbit feed,732,500,28.38,0.8128,0.803,0.09217,2.022
1,1.3,E22,56,Rabbit feed,741,500,28.37,0.8128,0.803,0.09217,2.023
1,1.3,E22,56,Sunflower seeds,735,500,25.19,0.914,0.915,0.09217,1.999
1,1.3,E22,56,Sunflower seeds,736,500,25.18,0.914,0.915,0.09217,2
1,1.3,E22,56,Sunflower seeds,737,500,25.2,0.914,0.915,0.09217,1.999
1,1.3,E22,56,Wheat straw,727,500,2.57,0.8822,0.872,0.09217,20.56
1,1.3,E22,56,Wheat straw,733,500,26.17,0.8822,0.872,0.09217,2.02
1,1.3,E22,56,Wheat straw,734,500,26.19,0.8822,0.872,0.09217,2.018
1,1.3,E23,122,Blank,421,751,,,,0.04266,
1,1.3,E23,122,Blank,422,758.1,,,,0.04266,
1,1.3,E23,122,Blank,423,751.9,,,,0.04266,
1,1.3,E23,122,Cellulose,424,750.7,15.8,0.9947,0.989,0.04266,2.05
1,1.3,E23,122,Cellulose,425,750.4,16,0.9947,0.989,0.04266,2.023
1,1.3,E23,122,Cellulose,426,751.5,16.3,0.9947,0.989,0.04266,1.989
1,1.3,E23,122,Rabbit feed,418,750.2,20.5,0.8016,0.803,0.04266,1.944
1,1.3,E23,122,Rabbit feed,419,752.3,20.4,0.8016,0.803,0.04266,1.959
1,1.3,E23,122,Rabbit feed,420,751.5,20.1,0.8016,0.803,0.04266,1.986
1,1.3,E23,122,Sunflower seeds,427,754.2,17,0.9059,0.915,0.04266,2.069
1,1.3,E23,122,Sunflower seeds,428,753.9,17.1,0.9059,0.915,0.04266,2.056
1,1.3,E23,122,Sunflower seeds,429,754.5,17.1,0.9059,0.915,0.04266,2.057
1,1.3,E23,122,Wheat straw,430,750,18,0.884,0.872,0.04266,2.039
1,1.3,E23,122,Wheat straw,431,751.1,18.1,0.884,0.872,0.04266,2.03
1,1.3,E23,122,Wheat straw,432,751.2,17.9,0.884,0.872,0.04266,2.053
1,1.3,E24,41,Blank,463,396,0,,,0.01408,
1,1.3,E24,41,Blank,470,396,0,,,0.01408,
1,1.3,E24,41,Blank,471,396,0,,,0.01408,
1,1.3,E24,41,Cellulose,472,396,2.879,0.9701,0.989,0.01408,1.959
1,1.3,E24,41,Cellulose,473,396,2.88,0.9701,0.989,0.01408,1.958
1,1.3,E24,41,Cellulose,474,396,2.88,0.9701,0.989,0.01408,1.958
1,1.3,E24,41,Rabbit feed,475,396,4.37,0.6357,0.803,0.01408,1.589
1,1.3,E24,41,Rabbit feed,476,396,4.37,0.6357,0.803,0.01408,1.589
1,1.3,E24,41,Rabbit feed,477,396,4.37,0.6357,0.803,0.01408,1.589
1,1.3,E24,41,Sunflower seeds,467,396,3.76,0.7561,0.915,0.01408,1.621
1,1.3,E24,41,Sunflower seeds,468,396,3.76,0.7561,0.915,0.01408,1.621
1,1.3,E24,41,Sunflower seeds,469,396,3.76,0.7561,0.915,0.01408,1.621
1,1.3,E24,41,Wheat straw,464,396,3.89,0.7119,0.872,0.01408,1.644
1,1.3,E24,41,Wheat straw,465,396,3.89,0.7119,0.872,0.01408,1.644
1,1.3,E24,41,Wheat straw,466,396,3.89,0.7119,0.872,0.01408,1.644
1,1.3,E26,49,Blank,1414,500,0,,,0.01893,
1,1.3,E26,49,Blank,1421,500,0,,,0.01893,
1,1.3,E26,49,Blank,1422,500,0,,,0.01893,
1,1.3,E26,49,Cellulose,1423,500,5.078,0.901,0.989,0.01893,1.884
1,1.3,E26,49,Cellulose,1424,500,5.078,0.901,0.989,0.01893,1.884
1,1.3,E26,49,Cellulose,1425,500,5.078,0.901,0.989,0.01893,1.884
1,1.3,E26,49,Rabbit feed,1426,500,5.834,0.7276,0.803,0.01893,2.02
1,1.3,E26,49,Rabbit feed,1427,500,5.834,0.7276,0.803,0.01893,2.02
1,1.3,E26,49,Rabbit feed,1428,500,5.834,0.7276,0.803,0.01893,2.02
1,1.3,E26,49,Sunflower seeds,1418,500,5.283,0.8277,0.915,0.01893,1.958
1,1.3,E26,49,Sunflower seeds,1419,500,5.283,0.8277,0.915,0.01893,1.958
1,1.3,E26,49,Sunflower seeds,1420,500,5.283,0.8277,0.915,0.01893,1.958
1,1.3,E26,49,Wheat straw,1415,500,5.471,0.7886,0.872,0.01893,1.984
1,1.3,E26,49,Wheat straw,1416,500,5.471,0.7886,0.872,0.01893,1.984
1,1.3,E26,49,Wheat straw,1417,500,5.471,0.7886,0.872,0.01893,1.984
1,1.3,E27,82,Blank,1703,401,0,,,0.02294,
1,1.3,E27,82,Blank,1707,400,0,,,0.02294,
1,1.3,E27,82,Blank,1708,400.3,0,,,0.02294,
1,1.3,E27,82,Cellulose,1709,396,4.678,0.9886,0.989,0.02294,1.964
1,1.3,E27,82,Cellulose,1710,396.2,4.675,0.9886,0.989,0.02294,1.966
1,1.3,E27,82,Cellulose,1711,395.3,4.672,0.9886,0.989,0.02294,1.963
1,1.3,E27,82,Rabbit feed,1704,395,5.162,0.8202,0.803,0.02294,2.186
1,1.3,E27,82,Rabbit feed,1705,393.3,5.611,0.8202,0.803,0.02294,2.003
1,1.3,E27,82,Rabbit feed,1706,393.9,5.611,0.8202,0.803,0.02294,2.006
1,1.3,E27,82,Sunflower seeds,1713,395.1,4.891,0.9105,0.915,0.02294,2.026
1,1.3,E27,82,Sunflower seeds,1715,396.1,4.892,0.9105,0.915,0.02294,2.03
1,1.3,E27,82,Sunflower seeds,1717,395,4.893,0.9105,0.915,0.02294,2.024
1,1.3,E27,82,Wheat straw,1712,394.3,5.254,0.8765,0.872,0.02294,1.975
1,1.3,E27,82,Wheat straw,1714,395.4,5.255,0.8765,0.872,0.02294,1.98
1,1.3,E27,82,Wheat straw,1716,393.9,5.251,0.8765,0.872,0.02294,1.974
1,1.3,R01,19,Blank,1475,450.2,,,,0.01866,
1,1.3,R01,19,Blank,1478,451,,,,0.01866,
1,1.3,R01,19,Blank,1481,452.7,,,,0.01866,
1,1.3,R01,19,Blank,1484,450.6,,,,0.01866,
1,1.3,R01,19,Blank,1487,451,,,,0.01866,
1,1.3,R01,19,Blank,1489,451.8,,,,0.01866,
1,1.3,R01,28,Blank,1460,448.3,,,,0.01832,
1,1.3,R01,28,Blank,1465,451.4,,,,0.01832,
1,1.3,R01,28,Blank,1469,450.1,,,,0.01832,
1,1.3,R01,19,Cellulose,1474,449.3,3.84,1,0.989,0.01866,2.208
1,1.3,R01,19,Cellulose,1476,448.8,3.73,1,0.989,0.01866,2.27
1,1.3,R01,19,Cellulose,1479,446.4,3.79,1,0.989,0.01866,2.223
1,1.3,R01,19,Cellulose,1482,446.7,3.79,1,0.989,0.01866,2.224
1,1.3,R01,19,Cellulose,1485,445.8,3.97,1,0.989,0.01866,2.119
1,1.3,R01,19,Cellulose,1490,449.4,4.59,1,0.989,0.01866,1.847
1,1.3,R01,28,Cellulose,1464,445.7,4.24,0.9464,0.989,0.01832,1.948
1,1.3,R01,28,Cellulose,1468,446.7,4.45,0.9464,0.989,0.01832,1.86
1,1.3,R01,28,Cellulose,1473,448.5,4.2,0.9464,0.989,0.01832,1.978
1,1.3,R01,28,Rabbit feed,1463,445.5,5.21,0.7638,0.803,0.01832,1.951
1,1.3,R01,28,Rabbit feed,1467,446,5.34,0.7638,0.803,0.01832,1.906
1,1.3,R01,28,Rabbit feed,1472,446.2,5.35,0.7638,0.803,0.01832,1.903
1,1.3,R01,28,Sunflower seeds,1459,446.6,4.63,0.9111,0.915,0.01832,1.932
1,1.3,R01,28,Sunflower seeds,1461,444.3,4.76,0.9111,0.915,0.01832,1.869
1,1.3,R01,28,Sunflower seeds,1470,444.2,4.62,0.9111,0.915,0.01832,1.925
1,1.3,R01,19,Wheat straw,1477,449.3,3.21,0.8517,0.872,0.01866,2.995
1,1.3,R01,19,Wheat straw,1480,446.6,4.83,0.8517,0.872,0.01866,1.979
1,1.3,R01,19,Wheat straw,1483,448.4,4.85,0.8517,0.872,0.01866,1.979
1,1.3,R01,19,Wheat straw,1486,445.6,4.84,0.8517,0.872,0.01866,1.97
1,1.3,R01,19,Wheat straw,1488,446.6,4.74,0.8517,0.872,0.01866,2.016
1,1.3,R01,19,Wheat straw,1491,446.9,4.84,0.8517,0.872,0.01866,1.976
1,1.3,R01,28,Wheat straw,1462,448.3,4.61,0.8516,0.872,0.01832,2.043
1,1.3,R01,28,Wheat straw,1466,446.4,4.62,0.8516,0.872,0.01832,2.03
1,1.3,R01,28,Wheat straw,1471,445.9,4.62,0.8516,0.872,0.01832,2.028
1,1.3,R02,117,Blank,208,201.4,,,,0.02398,
1,1.3,R02,117,Blank,209,201,,,,0.02398,
1,1.3,R02,117,Blank,210,201.1,,,,0.02398,
1,1.3,R02,117,Cellulose,205,200,2.38,0.9831,0.989,0.02398,2.037
1,1.3,R02,117,Cellulose,206,200.2,2.67,0.9831,0.989,0.02398,1.818
1,1.3,R02,117,Cellulose,207,199.3,2.42,0.9831,0.989,0.02398,1.996
1,1.3,R02,117,Rabbit feed,202,201.6,3.37,0.7979,0.803,0.02398,1.786
1,1.3,R02,117,Rabbit feed,203,200.2,3.13,0.7979,0.803,0.02398,1.91
1,1.3,R02,117,Rabbit feed,204,200.9,3.23,0.7979,0.803,0.02398,1.857
1,1.3,R02,117,Sunflower seeds,211,201.2,2.71,0.8764,0.915,0.02398,1.946
1,1.3,R02,117,Sunflower seeds,212,200.7,3.08,0.8764,0.915,0.02398,1.708
1,1.3,R02,117,Sunflower seeds,213,201.2,2.76,0.8764,0.915,0.02398,1.91
1,1.3,R02,117,Wheat straw,214,200.3,2.7,0.8679,0.872,0.02398,2.04
1,1.3,R02,117,Wheat straw,215,199.6,2.7,0.8679,0.872,0.02398,2.033
1,1.3,R02,117,Wheat straw,216,200.3,2.72,0.8679,0.872,0.02398,2.025
1,1.3,R03,11,Blank,1564,220.1,0,,,0.01965,
1,1.3,R03,11,Blank,1565,220,0,,,0.01965,
1,1.3,R03,11,Blank,1566,220,0,,,0.01965,
1,1.3,R03,11,Blank,1567,220,0,,,0.01965,
1,1.3,R03,11,Cellulose,1560,150.1,1.49,0.9902,0.989,0.01965,2.001
1,1.3,R03,11,Cellulose,1561,150,1.498,0.9902,0.989,0.01965,1.99
1,1.3,R03,11,Cellulose,1562,150,1.495,0.9902,0.989,0.01965,1.994
1,1.3,R03,11,Cellulose,1563,150,1.499,0.9902,0.989,0.01965,1.989
1,1.3,R03,11,Rabbit feed,1556,150.1,1.83,0.8033,0.803,0.01965,2.006
1,1.3,R03,11,Rabbit feed,1557,150,1.839,0.8033,0.803,0.01965,1.996
1,1.3,R03,11,Rabbit feed,1558,150.1,1.834,0.8033,0.803,0.01965,2.002
1,1.3,R03,11,Rabbit feed,1559,150,1.836,0.8033,0.803,0.01965,1.999
1,1.3,R03,11,Sunflower seeds,1568,150,1.618,0.9165,0.915,0.01965,1.991
1,1.3,R03,11,Sunflower seeds,1569,150.1,1.619,0.9165,0.915,0.01965,1.991
1,1.3,R03,11,Sunflower seeds,1570,150.1,1.615,0.9165,0.915,0.01965,1.996
1,1.3,R03,11,Sunflower seeds,1571,150,1.614,0.9165,0.915,0.01965,1.996
1,1.3,R03,11,Wheat straw,1572,150.1,1.688,0.8757,0.872,0.01965,2.004
1,1.3,R03,11,Wheat straw,1573,150.1,1.695,0.8757,0.872,0.01965,1.995
1,1.3,R03,11,Wheat straw,1574,150,1.685,0.8757,0.872,0.01965,2.007
1,1.3,R03,11,Wheat straw,1575,150.1,1.685,0.8757,0.872,0.01965,2.007
1,1.3,R04,59,Blank,91,291.2,0,,,0.02245,
1,1.3,R04,59,Blank,92,291.5,0,,,0.02245,
1,1.3,R04,59,Blank,93,291.6,0,,,0.02245,
1,1.3,R04,59,Cellulose,94,291.2,3.37,0.9887,0.989,0.02245,1.962
1,1.3,R04,59,Cellulose,95,290.2,3.28,0.9887,0.989,0.02245,2.009
1,1.3,R04,59,Cellulose,96,290.8,3.28,0.9887,0.989,0.02245,2.013
1,1.3,R04,59,Rabbit feed,88,289.9,3.94,0.807,0.803,0.02245,2.057
1,1.3,R04,59,Rabbit feed,89,290.7,3.95,0.807,0.803,0.02245,2.058
1,1.3,R04,59,Rabbit feed,90,291.6,3.95,0.807,0.803,0.02245,2.064
1,1.3,R04,59,Sunflower seeds,97,289.9,3.55,0.9161,0.915,0.02245,2.004
1,1.3,R04,59,Sunflower seeds,98,290.5,3.56,0.9161,0.915,0.02245,2.002
1,1.3,R04,59,Sunflower seeds,99,290.8,3.47,0.9161,0.915,0.02245,2.056
1,1.3,R04,59,Wheat straw,100,290.2,3.59,0.8844,0.872,0.02245,2.081
1,1.3,R04,59,Wheat straw,101,291.6,3.62,0.8844,0.872,0.02245,2.074
1,1.3,R04,59,Wheat straw,102,291.8,3.6,0.8844,0.872,0.02245,2.086
1,1.3,R05,16,Blank,361,400,0,,,0.01412,
1,1.3,R05,16,Blank,368,400,0,,,0.01412,
1,1.3,R05,16,Blank,369,400,0,,,0.01412,
1,1.3,R05,16,Cellulose,370,397.2,2.83,0.9975,0.989,0.01412,2.004
1,1.3,R05,16,Cellulose,371,397.2,2.83,0.9975,0.989,0.01412,2.004
1,1.3,R05,16,Cellulose,372,397.2,2.83,0.9975,0.989,0.01412,2.004
1,1.3,R05,16,Rabbit feed,373,395.5,3.5,0.804,0.803,0.01412,1.987
1,1.3,R05,16,Rabbit feed,374,396.5,3.5,0.804,0.803,0.01412,1.992
1,1.3,R05,16,Rabbit feed,375,396.5,3.5,0.804,0.803,0.01412,1.992
1,1.3,R05,16,Sunflower seeds,365,396.9,3.08,0.9152,0.915,0.01412,1.989
1,1.3,R05,16,Sunflower seeds,366,396.9,3.08,0.9152,0.915,0.01412,1.989
1,1.3,R05,16,Sunflower seeds,367,396.9,3.08,0.9152,0.915,0.01412,1.989
1,1.3,R05,16,Wheat straw,362,396.8,3.19,0.884,0.872,0.01412,2.014
1,1.3,R05,16,Wheat straw,363,396.8,3.19,0.884,0.872,0.01412,2.014
1,1.3,R05,16,Wheat straw,364,396.8,3.19,0.884,0.872,0.01412,2.014
1,1.3,R06,109,Blank,783,385.6,0,,,0.004714,
1,1.3,R06,109,Cellulose,784,390.2,1.07,0.994,0.989,0.004714,1.738
1,1.3,R06,109,Cellulose,785,373.3,1,0.994,0.989,0.004714,1.779
1,1.3,R06,109,Cellulose,786,391.9,1.02,0.994,0.989,0.004714,1.831
1,1.3,R06,109,Rabbit feed,780,388.2,1.21,0.8166,0.803,0.004714,1.884
1,1.3,R06,109,Rabbit feed,781,383.7,1.21,0.8166,0.803,0.004714,1.862
1,1.3,R06,109,Rabbit feed,782,384.9,1.23,0.8166,0.803,0.004714,1.837
1,1.3,R06,109,Sunflower seeds,787,385.1,1.08,0.896,0.915,0.004714,1.837
1,1.3,R06,109,Sunflower seeds,788,398,1.12,0.896,0.915,0.004714,1.831
1,1.3,R06,109,Sunflower seeds,789,389.1,1.12,0.896,0.915,0.004714,1.79
1,1.3,R06,109,Wheat straw,790,387.8,1.08,0.8763,0.872,0.004714,1.942
1,1.3,R06,109,Wheat straw,791,407.2,1.13,0.8763,0.872,0.004714,1.948
1,1.3,R06,109,Wheat straw,792,387.9,1.11,0.8763,0.872,0.004714,1.889
2,2.1,E02,15,Bird feed,923,59,0.957,0.8913,0.872,0.02895,2.047
2,2.1,E02,15,Bird feed,924,59,0.957,0.8913,0.872,0.02895,2.047
2,2.1,E02,39,Bird feed,911,59,0.957,0.8913,0.872,0.02895,2.047
2,2.1,E02,39,Bird feed,912,59,0.957,0.8913,0.872,0.02895,2.047
2,2.1,E02,39,Bird feed,913,59,0.957,0.8913,0.872,0.02895,2.047
2,2.1,E02,15,Blank,917,59,,,,0.02895,
2,2.1,E02,15,Blank,918,59,,,,0.02895,
2,2.1,E02,15,Blank,919,59,,,,0.02895,
2,2.1,E02,39,Blank,905,59,,,,0.02895,
2,2.1,E02,39,Blank,906,59,,,,0.02895,
2,2.1,E02,39,Blank,907,59,,,,0.02895,
2,2.1,E02,15,Cellulose,920,59,0.855,1,0.991,0.02895,2.016
2,2.1,E02,15,Cellulose,921,59,0.855,1,0.991,0.02895,2.016
2,2.1,E02,15,Cellulose,922,59,0.855,1,0.991,0.02895,2.016
2,2.1,E02,39,Cellulose,908,59,0.855,1,0.991,0.02895,2.016
2,2.1,E02,39,Cellulose,909,59,0.855,1,0.991,0.02895,2.016
2,2.1,E02,39,Cellulose,910,59,0.855,1,0.991,0.02895,2.016
2,2.1,E02,15,Whey,925,59,0.907,0.9419,0.914,0.02895,2.061
2,2.1,E02,15,Whey,926,59,0.907,0.9419,0.914,0.02895,2.061
2,2.1,E02,15,Whey,927,59,0.907,0.9419,0.914,0.02895,2.061
2,2.1,E02,39,Whey,914,59,0.907,0.9419,0.914,0.02895,2.061
2,2.1,E02,39,Whey,915,59,0.907,0.9419,0.914,0.02895,2.061
2,2.1,E02,39,Whey,916,59,0.907,0.9419,0.914,0.02895,2.061
2,2.1,E03,77,Bird feed,1378,136.4,3.82,0.7944,0.872,0.003095,0.1267
2,2.1,E03,77,Bird feed,1379,136.4,3.82,0.7944,0.872,0.003095,0.1267
2,2.1,E03,77,Bird feed,1380,136.4,3.82,0.7944,0.872,0.003095,0.1267
2,2.1,E03,77,Blank,1373,136.4,,,,0.003095,
2,2.1,E03,77,Blank,1374,136.4,,,,0.003095,
2,2.1,E03,77,Blank,1375,136.4,,,,0.003095,
2,2.1,E03,77,Cellulose,1381,136.4,3.35,0.9864,0.991,0.003095,0.1271
2,2.1,E03,77,Cellulose,1382,136.4,3.35,0.9864,0.991,0.003095,0.1271
2,2.1,E03,77,Cellulose,1383,136.4,3.35,0.9864,0.991,0.003095,0.1271
2,2.1,E03,77,Whey,1372,136.4,3.56,0.9021,0.914,0.003095,0.1297
2,2.1,E03,77,Whey,1376,136.4,3.56,0.9021,0.914,0.003095,0.1297
2,2.1,E03,77,Whey,1377,136.4,3.56,0.9021,0.914,0.003095,0.1297
2,2.1,E04,96,Bird feed,589,204.8,3.72,0.869,0.872,0.03103,1.959
2,2.1,E04,96,Bird feed,590,203.9,3.63,0.869,0.872,0.03103,1.999
2,2.1,E04,96,Bird feed,591,207,3.78,0.869,0.872,0.03103,1.949
2,2.1,E04,96,Blank,583,203.3,0,,,0.03103,
2,2.1,E04,96,Blank,584,203.8,0,,,0.03103,
2,2.1,E04,96,Blank,585,208.3,0,,,0.03103,
2,2.1,E04,96,Cellulose,586,203.7,3.38,0.981,0.991,0.03103,1.887
2,2.1,E04,96,Cellulose,587,205.4,3.28,0.981,0.991,0.03103,1.961
2,2.1,E04,96,Cellulose,588,203.3,3.46,0.981,0.991,0.03103,1.84
2,2.1,E04,96,Whey,592,200.3,3.5,0.9131,0.914,0.03103,1.943
2,2.1,E04,96,Whey,593,203,3.42,0.9131,0.914,0.03103,2.016
2,2.1,E04,96,Whey,594,205.9,3.43,0.9131,0.914,0.03103,2.038
2,2.1,E06,114,Bird feed,982,395.2,5.27,0.868,0.872,0.0207,1.78
2,2.1,E06,114,Bird feed,983,395.4,5.28,0.868,0.872,0.0207,1.778
2,2.1,E06,114,Bird feed,984,395.2,5.29,0.868,0.872,0.0207,1.774
2,2.1,E06,114,Blank,973,400.8,,,,0.0207,
2,2.1,E06,114,Blank,977,400.1,,,,0.0207,
2,2.1,E06,114,Blank,978,403.7,,,,0.0207,
2,2.1,E06,114,Cellulose,979,396,4.58,0.9907,0.991,0.0207,1.806
2,2.1,E06,114,Cellulose,980,395.2,4.63,0.9907,0.991,0.0207,1.783
2,2.1,E06,114,Cellulose,981,395.1,4.71,0.9907,0.991,0.0207,1.752
2,2.1,E06,114,Whey,974,395.1,5.3,0.8908,0.914,0.0207,1.688
2,2.1,E06,114,Whey,975,395.5,5.32,0.8908,0.914,0.0207,1.684
2,2.1,E06,114,Whey,976,395.6,5.28,0.8908,0.914,0.0207,1.697
2,2.1,E07,99,Bird feed,160,493,2.317,0.8711,0.872,0.01213,2.96
2,2.1,E07,99,Bird feed,161,500,2.346,0.8711,0.872,0.01213,2.965
2,2.1,E07,99,Bird feed,162,504,2.377,0.8711,0.872,0.01213,2.949
2,2.1,E07,99,Blank,166,499,0,,,0.01213,
2,2.1,E07,99,Blank,167,507,0,,,0.01213,
2,2.1,E07,99,Blank,168,490,0,,,0.01213,
2,2.1,E07,99,Cellulose,163,493,1.507,0.9959,0.991,0.01213,4.004
2,2.1,E07,99,Cellulose,164,491,1.503,0.9959,0.991,0.01213,3.999
2,2.1,E07,99,Cellulose,165,499,1.494,0.9959,0.991,0.01213,4.088
2,2.1,E07,99,Whey,169,494,1.853,0.9088,0.914,0.01213,3.538
2,2.1,E07,99,Whey,170,495,1.849,0.9088,0.914,0.01213,3.553
2,2.1,E07,99,Whey,171,492,1.909,0.9088,0.914,0.01213,3.42
2,2.1,E08,54,Bird feed,1108,387.7,12.3,0.8825,0.872,0.05875,2.124
2,2.1,E08,54,Bird feed,1109,387.7,12.3,0.8825,0.872,0.05875,2.124
2,2.1,E08,54,Bird feed,1110,387.7,12.3,0.8825,0.872,0.05875,2.124
2,2.1,E08,54,Blank,1099,400,0,,,0.05875,
2,2.1,E08,54,Blank,1103,400,0,,,0.05875,
2,2.1,E08,54,Blank,1104,400,0,,,0.05875,
2,2.1,E08,54,Cellulose,1105,389.1,10.87,1.003,0.991,0.05875,2.122
2,2.1,E08,54,Cellulose,1106,389.1,10.87,1.003,0.991,0.05875,2.122
2,2.1,E08,54,Cellulose,1107,389.1,10.87,1.003,0.991,0.05875,2.122
2,2.1,E08,54,Whey,1100,388.3,11.77,0.9238,0.914,0.05875,2.12
2,2.1,E08,54,Whey,1101,388.2,11.77,0.9238,0.914,0.05875,2.12
2,2.1,E08,54,Whey,1102,388.2,11.77,0.9238,0.914,0.05875,2.12
2,2.1,E09,23,Bird feed,55,1600,13.7,0.8589,0.872,0.01509,2.021
2,2.1,E09,23,Bird feed,56,1602,13.2,0.8589,0.872,0.01509,2.1
2,2.1,E09,23,Bird feed,57,1600,13.2,0.8589,0.872,0.01509,2.098
2,2.1,E09,23,Blank,46,1600,0,,,0.01509,
2,2.1,E09,23,Blank,50,1602,0,,,0.01509,
2,2.1,E09,23,Blank,51,1601,0,,,0.01509,
2,2.1,E09,23,Cellulose,52,1602,11,0.9876,0.991,0.01509,2.218
2,2.1,E09,23,Cellulose,53,1602,11.3,0.9876,0.991,0.01509,2.159
2,2.1,E09,23,Cellulose,54,1602,11,0.9876,0.991,0.01509,2.218
2,2.1,E09,23,Whey,47,1601,12,0.9125,0.914,0.01509,2.202
2,2.1,E09,23,Whey,48,1600,12.4,0.9125,0.914,0.01509,2.13
2,2.1,E09,23,Whey,49,1601,12.2,0.9125,0.914,0.01509,2.167
2,2.1,E10,44,Bird feed,1213,98.85,2.31,0.8696,0.872,0.04052,1.988
2,2.1,E10,44,Bird feed,1214,98.94,2.35,0.8696,0.872,0.04052,1.956
2,2.1,E10,44,Bird feed,1215,98.95,2.31,0.8696,0.872,0.04052,1.99
2,2.1,E10,44,Blank,1216,98.94,0,,,0.04052,
2,2.1,E10,44,Blank,1217,98.77,0,,,0.04052,
2,2.1,E10,44,Blank,1218,99.67,0,,,0.04052,
2,2.1,E10,44,Cellulose,1219,99.57,2,0.991,0.991,0.04052,2.035
2,2.1,E10,44,Cellulose,1220,98.83,2,0.991,0.991,0.04052,2.02
2,2.1,E10,44,Cellulose,1221,99.13,2.01,0.991,0.991,0.04052,2.016
2,2.1,E10,44,Whey,1222,98.9,2.19,0.9134,0.914,0.04052,2.002
2,2.1,E10,44,Whey,1223,99.06,2.19,0.9134,0.914,0.04052,2.005
2,2.1,E10,44,Whey,1224,98.81,2.21,0.9134,0.914,0.04052,1.982
2,2.1,E12,106,Bird feed,1321,392.3,4.59,0.8706,0.872,0.02039,1.998
2,2.1,E12,106,Bird feed,1322,392.6,4.59,0.8706,0.872,0.02039,2
2,2.1,E12,106,Bird feed,1323,392.4,4.59,0.8706,0.872,0.02039,1.999
2,2.1,E12,106,Blank,1316,392.5,0,,,0.02039,
2,2.1,E12,106,Blank,1317,392.5,0,,,0.02039,
2,2.1,E12,106,Blank,1318,392.3,0,,,0.02039,
2,2.1,E12,106,Cellulose,1315,392.3,4.05,0.9876,0.991,0.02039,1.993
2,2.1,E12,106,Cellulose,1319,392.2,4.05,0.9876,0.991,0.02039,1.992
2,2.1,E12,106,Cellulose,1320,392.5,4.05,0.9876,0.991,0.02039,1.994
2,2.1,E12,106,Whey,1324,392.3,4.38,0.9145,0.914,0.02039,1.998
2,2.1,E12,106,Whey,1325,392.3,4.39,0.9145,0.914,0.02039,1.993
2,2.1,E12,106,Whey,1326,392.4,4.38,0.9145,0.914,0.02039,1.999
2,2.1,E13,80,Bird feed,1162,650.4,7.22,0.9057,0.872,0.02009,2.076
2,2.1,E13,80,Bird feed,1163,650.2,7.21,0.9057,0.872,0.02009,2.078
2,2.1,E13,80,Bird feed,1164,650,7.23,0.9057,0.872,0.02009,2.072
2,2.1,E13,80,Blank,1156,650.7,0,,,0.02009,
2,2.1,E13,80,Blank,1157,652.6,0,,,0.02009,
2,2.1,E13,80,Blank,1158,649.8,0,,,0.02009,
2,2.1,E13,80,Cellulose,1159,650,6.64,0.9844,0.991,0.02009,1.985
2,2.1,E13,80,Cellulose,1160,648.4,6.64,0.9844,0.991,0.02009,1.98
2,2.1,E13,80,Cellulose,1161,651.5,6.7,0.9844,0.991,0.02009,1.972
2,2.1,E13,80,Whey,1165,649.2,6.95,0.9499,0.914,0.02009,2.054
2,2.1,E13,80,Whey,1166,648.9,6.93,0.9499,0.914,0.02009,2.059
2,2.1,E13,80,Whey,1167,650.5,6.92,0.9499,0.914,0.02009,2.067
2,2.1,E14,71,Bird feed,688,15,0.23,0.8703,0.872,0.0153,1.144
2,2.1,E14,71,Bird feed,689,15,0.23,0.8703,0.872,0.0153,1.144
2,2.1,E14,71,Bird feed,690,15,0.23,0.8703,0.872,0.0153,1.144
2,2.1,E14,71,Blank,691,15,0,,,0.0153,
2,2.1,E14,71,Blank,692,15,0,,,0.0153,
2,2.1,E14,71,Blank,693,15,0,,,0.0153,
2,2.1,E14,71,Cellulose,685,15,0.2,0.993,0.991,0.0153,1.158
2,2.1,E14,71,Cellulose,686,15,0.2,0.993,0.991,0.0153,1.158
2,2.1,E14,71,Cellulose,687,15,0.2,0.993,0.991,0.0153,1.158
2,2.1,E14,71,Whey,694,15,0.22,0.9143,0.914,0.0153,1.142
2,2.1,E14,71,Whey,695,15,0.21,0.9143,0.914,0.0153,1.196
2,2.1,E14,71,Whey,696,15,0.21,0.9143,0.914,0.0153,1.196
2,2.1,E17,32,Bird feed,525,1900,6.5,0.8221,0.872,0.01894,6.348
2,2.1,E17,32,Bird feed,527,1900,6.5,0.8221,0.872,0.01894,6.348
2,2.1,E17,32,Bird feed,532,1900,6.5,0.8221,0.872,0.01894,6.348
2,2.1,E17,32,Blank,533,1900,0,,,0.01894,
2,2.1,E17,32,Cellulose,529,1900,5.7,1,0.991,0.01894,6.369
2,2.1,E17,32,Cellulose,531,1900,5.7,1,0.991,0.01894,6.369
2,2.1,E17,32,Cellulose,534,1900,5.7,1,0.991,0.01894,6.369
2,2.1,E17,32,Whey,526,1900,5.8,0.9379,0.914,0.01894,6.787
2,2.1,E17,32,Whey,528,1900,5.8,0.9379,0.914,0.01894,6.787
2,2.1,E17,32,Whey,530,1900,5.8,0.9379,0.914,0.01894,6.787
2,2.1,E18,26,Bird feed,1036,120,1.269,0.8722,0.872,0.0117,1.269
2,2.1,E18,26,Bird feed,1037,120,1.269,0.8722,0.872,0.0117,1.269
2,2.1,E18,26,Bird feed,1038,120,1.267,0.8722,0.872,0.0117,1.271
2,2.1,E18,123,Bird feed,1048,100,1.387,0.8722,0.872,0.02423,2.003
2,2.1,E18,123,Bird feed,1049,100,1.39,0.8722,0.872,0.02423,2
2,2.1,E18,123,Bird feed,1050,100,1.385,0.8722,0.872,0.02423,2.006
2,2.1,E18,26,Blank,1033,120,0,,,0.0117,
2,2.1,E18,26,Blank,1034,120,0,,,0.0117,
2,2.1,E18,26,Blank,1035,120,0,,,0.0117,
2,2.1,E18,123,Blank,1045,100,0,,,0.02423,
2,2.1,E18,123,Blank,1046,100,0,,,0.02423,
2,2.1,E18,123,Blank,1047,100,0,,,0.02423,
2,2.1,E18,26,Cellulose,1030,120,0.95,0.9982,0.991,0.0117,1.491
2,2.1,E18,26,Cellulose,1031,120,0.96,0.9982,0.991,0.0117,1.476
2,2.1,E18,26,Cellulose,1032,120,0.998,0.9982,0.991,0.0117,1.42
2,2.1,E18,123,Cellulose,1042,100,1.213,0.9982,0.991,0.02423,2.017
2,2.1,E18,123,Cellulose,1043,100,1.214,0.9982,0.991,0.02423,2.014
2,2.1,E18,123,Cellulose,1044,100,1.212,0.9982,0.991,0.02423,2.017
2,2.1,E18,26,Whey,1039,120,1.207,0.9162,0.914,0.0117,1.273
2,2.1,E18,26,Whey,1040,120,1.208,0.9162,0.914,0.0117,1.272
2,2.1,E18,26,Whey,1041,120,1.207,0.9162,0.914,0.0117,1.273
2,2.1,E18,123,Whey,1051,100,1.322,0.9162,0.914,0.02423,2.006
2,2.1,E18,123,Whey,1052,100,1.321,0.9162,0.914,0.02423,2.006
2,2.1,E18,123,Whey,1053,100,1.321,0.9162,0.914,0.02423,2.007
2,2.1,E20,108,Bird feed,277,139.5,4.955,0.8014,0.872,0.05736,1.852
2,2.1,E20,108,Bird feed,278,139.5,4.955,0.8014,0.872,0.05736,1.852
2,2.1,E20,108,Bird feed,279,139.5,4.955,0.8014,0.872,0.05736,1.852
2,2.1,E20,108,Blank,280,139.5,0,,,0.05736,
2,2.1,E20,108,Blank,281,139.5,0,,,0.05736,
2,2.1,E20,108,Blank,282,139.5,0,,,0.05736,
2,2.1,E20,108,Cellulose,274,139.5,4.13,0.9674,0.991,0.05736,1.955
2,2.1,E20,108,Cellulose,275,139.5,4.13,0.9674,0.991,0.05736,1.955
2,2.1,E20,108,Cellulose,276,139.5,4.13,0.9674,0.991,0.05736,1.955
2,2.1,E20,108,Whey,283,139.5,4.6,0.8866,0.914,0.05736,1.903
2,2.1,E20,108,Whey,284,139.5,4.6,0.8866,0.914,0.05736,1.903
2,2.1,E20,108,Whey,285,139.5,4.6,0.8866,0.914,0.05736,1.903
2,2.1,E22,113,Bird feed,745,501,13.34,0.8895,0.872,0.04733,2.038
2,2.1,E22,113,Bird feed,746,500,13.3,0.8895,0.872,0.04733,2.04
2,2.1,E22,113,Bird feed,747,498,13.27,0.8895,0.872,0.04733,2.037
2,2.1,E22,113,Blank,751,502,0,,,0.04733,
2,2.1,E22,113,Blank,752,499,0,,,0.04733,
2,2.1,E22,113,Blank,753,500,0,,,0.04733,
2,2.1,E22,113,Cellulose,742,497,11.85,0.9998,0.991,0.04733,2.003
2,2.1,E22,113,Cellulose,743,498,11.85,0.9998,0.991,0.04733,2.007
2,2.1,E22,113,Cellulose,744,498,11.83,0.9998,0.991,0.04733,2.01
2,2.1,E22,113,Whey,748,498,12.71,0.9281,0.914,0.04733,2.029
2,2.1,E22,113,Whey,749,500,12.77,0.9281,0.914,0.04733,2.027
2,2.1,E22,113,Whey,750,498,12.77,0.9281,0.914,0.04733,2.019
2,2.1,E24,107,Bird feed,483,360,4.72,0.7655,0.872,0.02722,2.381
2,2.1,E24,107,Bird feed,484,360,4.72,0.7655,0.872,0.02722,2.381
2,2.1,E24,107,Bird feed,485,360,4.72,0.7655,0.872,0.02722,2.381
2,2.1,E24,107,Blank,481,360,0,,,0.02722,
2,2.1,E24,107,Cellulose,482,360,3.63,0.9967,0.991,0.02722,2.724
2,2.1,E24,107,Whey,478,360,4.69,0.7708,0.914,0.02722,2.286
2,2.1,E24,107,Whey,479,360,4.69,0.7708,0.914,0.02722,2.286
2,2.1,E24,107,Whey,480,360,4.69,0.7708,0.914,0.02722,2.286
2,2.1,E27,95,Bird feed,1719,396.7,5.108,0.873,0.872,0.02253,2.007
2,2.1,E27,95,Bird feed,1720,396.8,5.104,0.873,0.872,0.02253,2.009
2,2.1,E27,95,Bird feed,1721,396.1,5.103,0.873,0.872,0.02253,2.005
2,2.1,E27,95,Blank,1718,402,0,,,0.02253,
2,2.1,E27,95,Blank,1722,399,0,,,0.02253,
2,2.1,E27,95,Blank,1723,401,0,,,0.02253,
2,2.1,E27,127,Blank,1727,401,0,,,0.02336,
2,2.1,E27,127,Blank,1731,400,0,,,0.02336,
2,2.1,E27,127,Blank,1732,400.3,0,,,0.02336,
2,2.1,E27,95,Cellulose,1724,396,4.515,0.9886,0.991,0.02253,1.994
2,2.1,E27,95,Cellulose,1725,396.7,4.511,0.9886,0.991,0.02253,1.999
2,2.1,E27,95,Cellulose,1726,395.9,4.514,0.9886,0.991,0.02253,1.994
2,2.1,E27,127,Cellulose,1733,396,4.678,0.9886,0.991,0.02336,1.995
2,2.1,E27,127,Cellulose,1734,396.2,4.675,0.9886,0.991,0.02336,1.998
2,2.1,E27,127,Cellulose,1735,395.3,4.672,0.9886,0.991,0.02336,1.994
2,2.1,E27,127,Whey,1728,395.6,5.1,0.9039,0.914,0.02336,1.982
2,2.1,E27,127,Whey,1729,395,5.106,0.9039,0.914,0.02336,1.977
2,2.1,E27,127,Whey,1730,396.3,5.106,0.9039,0.914,0.02336,1.983
2,2.1,R01,27,Bird feed,1495,445.5,4.53,0.8743,0.872,0.01866,2.105
2,2.1,R01,27,Bird feed,1499,447.2,4.33,0.8743,0.872,0.01866,2.21
2,2.1,R01,27,Bird feed,1501,445.1,4.36,0.8743,0.872,0.01866,2.185
2,2.1,R01,27,Bird feed,1504,447.4,4.42,0.8743,0.872,0.01866,2.166
2,2.1,R01,27,Bird feed,1508,448,4.51,0.8743,0.872,0.01866,2.126
2,2.1,R01,27,Bird feed,1514,447.6,4.46,0.8743,0.872,0.01866,2.148
2,2.1,R01,27,Blank,1493,450.2,,,,0.01866,
2,2.1,R01,27,Blank,1497,451,,,,0.01866,
2,2.1,R01,27,Blank,1502,452.7,,,,0.01866,
2,2.1,R01,27,Blank,1506,450.6,,,,0.01866,
2,2.1,R01,27,Blank,1511,451,,,,0.01866,
2,2.1,R01,27,Blank,1512,451.8,,,,0.01866,
2,2.1,R01,27,Cellulose,1492,449.3,3.84,1,0.991,0.01866,2.203
2,2.1,R01,27,Cellulose,1494,448.8,3.73,1,0.991,0.01866,2.266
2,2.1,R01,27,Cellulose,1498,446.4,3.79,1,0.991,0.01866,2.218
2,2.1,R01,27,Cellulose,1503,446.7,3.79,1,0.991,0.01866,2.22
2,2.1,R01,27,Cellulose,1507,445.8,3.97,1,0.991,0.01866,2.114
2,2.1,R01,27,Cellulose,1513,449.4,4.59,1,0.991,0.01866,1.844
2,2.1,R01,27,Whey,1496,444.8,4.08,0.9241,0.914,0.01866,2.226
2,2.1,R01,27,Whey,1500,448.5,4.16,0.9241,0.914,0.01866,2.201
2,2.1,R01,27,Whey,1505,448.2,4.12,0.9241,0.914,0.01866,2.221
2,2.1,R01,27,Whey,1509,445.5,4.1,0.9241,0.914,0.01866,2.219
2,2.1,R01,27,Whey,1510,447.2,4.08,0.9241,0.914,0.01866,2.238
2,2.1,R01,27,Whey,1515,445.8,4.15,0.9241,0.914,0.01866,2.193
2,2.1,R02,66,Bird feed,220,199.9,2.746,0.9122,0.872,0.02386,1.991
2,2.1,R02,66,Bird feed,221,206.4,2.749,0.9122,0.872,0.02386,2.054
2,2.1,R02,66,Bird feed,222,198.8,2.743,0.9122,0.872,0.02386,1.983
2,2.1,R02,66,Blank,223,200.2,,,,0.02386,
2,2.1,R02,66,Blank,224,200.5,,,,0.02386,
2,2.1,R02,66,Blank,225,199.1,,,,0.02386,
2,2.1,R02,66,Cellulose,217,204.5,2.422,1.017,0.991,0.02386,2.033
2,2.1,R02,66,Cellulose,218,200.4,2.423,1.017,0.991,0.02386,1.991
2,2.1,R02,66,Cellulose,219,198.3,2.421,1.017,0.991,0.02386,1.971
2,2.1,R02,66,Whey,226,198,2.776,0.9377,0.914,0.02386,1.861
2,2.1,R02,66,Whey,227,199.7,2.781,0.9377,0.914,0.02386,1.874
2,2.1,R02,66,Whey,228,200.1,2.779,0.9377,0.914,0.02386,1.879
2,2.1,R03,37,Bird feed,1576,140.1,1.33,0.872,0.872,0.01842,2.226
2,2.1,R03,37,Bird feed,1577,140.5,1.327,0.872,0.872,0.01842,2.236
2,2.1,R03,37,Bird feed,1578,140,1.324,0.872,0.872,0.01842,2.234
2,2.1,R03,37,Bird feed,1579,140.2,1.321,0.872,0.872,0.01842,2.242
2,2.1,R03,37,Blank,1584,200,0,,,0.01842,
2,2.1,R03,37,Blank,1585,200.2,0,,,0.01842,
2,2.1,R03,37,Blank,1586,200.1,0,,,0.01842,
2,2.1,R03,37,Blank,1587,200.1,0,,,0.01842,
2,2.1,R03,37,Cellulose,1580,140.7,1.301,0.9908,0.991,0.01842,2.01
2,2.1,R03,37,Cellulose,1581,140,1.315,0.9908,0.991,0.01842,1.978
2,2.1,R03,37,Cellulose,1582,140.2,1.312,0.9908,0.991,0.01842,1.985
2,2.1,R03,37,Cellulose,1583,140.2,1.311,0.9908,0.991,0.01842,1.988
2,2.1,R03,37,Whey,1588,139.9,1.429,0.9069,0.914,0.01842,1.973
2,2.1,R03,37,Whey,1589,140,1.435,0.9069,0.914,0.01842,1.966
2,2.1,R03,37,Whey,1590,140.2,1.438,0.9069,0.914,0.01842,1.965
2,2.1,R03,37,Whey,1591,140.7,1.441,0.9069,0.914,0.01842,1.968
2,2.1,R04,52,Bird feed,103,290.7,3.49,0.8717,0.872,0.02174,2.076
2,2.1,R04,52,Bird feed,104,291.3,3.56,0.8717,0.872,0.02174,2.04
2,2.1,R04,52,Bird feed,105,290.6,3.49,0.8717,0.872,0.02174,2.076
2,2.1,R04,52,Blank,106,290.2,0,,,0.02174,
2,2.1,R04,52,Blank,107,289.9,0,,,0.02174,
2,2.1,R04,52,Blank,108,290.2,0,,,0.02174,
2,2.1,R04,52,Cellulose,109,290.4,3.08,0.9894,0.991,0.02174,2.068
2,2.1,R04,52,Cellulose,110,290.2,3.07,0.9894,0.991,0.02174,2.074
2,2.1,R04,52,Cellulose,111,289.9,3.09,0.9894,0.991,0.02174,2.058
2,2.1,R04,52,Whey,112,290.4,1.72,0.9143,0.914,0.02174,4.015
2,2.1,R04,52,Whey,113,290.5,1.68,0.9143,0.914,0.02174,4.113
2,2.1,R04,52,Whey,114,290.7,1.69,0.9143,0.914,0.02174,4.09
2,2.1,R05,124,Bird feed,385,395.8,4.15,0.869,0.872,0.01817,1.988
2,2.1,R05,124,Bird feed,386,395.8,4.15,0.869,0.872,0.01817,1.988
2,2.1,R05,124,Bird feed,387,395.8,4.15,0.869,0.872,0.01817,1.988
2,2.1,R05,124,Blank,376,400,0,,,0.01817,
2,2.1,R05,124,Blank,380,400,0,,,0.01817,
2,2.1,R05,124,Blank,381,400,0,,,0.01817,
2,2.1,R05,124,Cellulose,382,396.4,3.64,0.9903,0.991,0.01817,1.996
2,2.1,R05,124,Cellulose,383,396.4,3.64,0.9903,0.991,0.01817,1.996
2,2.1,R05,124,Cellulose,384,396.4,3.64,0.9903,0.991,0.01817,1.996
2,2.1,R05,124,Whey,377,396,3.96,0.9107,0.914,0.01817,1.988
2,2.1,R05,124,Whey,378,396,3.96,0.9107,0.914,0.01817,1.988
2,2.1,R05,124,Whey,379,396,3.96,0.9107,0.914,0.01817,1.988
2,2.1,R06,72,Bird feed,793,395,1.09,0.8678,0.872,0.004714,1.959
2,2.1,R06,72,Bird feed,794,387.9,1.08,0.8678,0.872,0.004714,1.942
2,2.1,R06,72,Bird feed,795,390.8,1.13,0.8678,0.872,0.004714,1.87
2,2.1,R06,72,Blank,796,385.6,0,,,0.004714,
2,2.1,R06,72,Cellulose,797,390.2,1.07,0.994,0.991,0.004714,1.735
2,2.1,R06,72,Cellulose,798,373.3,1,0.994,0.991,0.004714,1.776
2,2.1,R06,72,Cellulose,799,391.9,1.02,0.994,0.991,0.004714,1.828
2,2.1,R06,72,Whey,800,387.5,1.1,0.9041,0.914,0.004714,1.817
2,2.1,R06,72,Whey,801,392.4,1.1,0.9041,0.914,0.004714,1.84
2,2.1,R06,72,Whey,802,388.4,1.1,0.9041,0.914,0.004714,1.821
